asin,filename,cluster_id,visual_group
B007VGGFZU,B007VGGFZU.jpg,0,visual_group_1
B0101RW3QK,B0101RW3QK.jpg,0,visual_group_1
B06XNTPN8C,B06XNTPN8C.jpg,0,visual_group_1
B06Y5RTN1T,B06Y5RTN1T.jpg,0,visual_group_1
B07C2Z21X5,B07C2Z21X5.jpg,0,visual_group_1
B07PCSKGP7,B07PCSKGP7.jpg,0,visual_group_1
B07PZZ1QBW,B07PZZ1QBW.jpg,0,visual_group_1
B0B9BLHWB8,B0B9BLHWB8.jpg,0,visual_group_1
B0BDGC8SM5,B0BDGC8SM5.jpg,0,visual_group_1
B0BHJNWD1Z,B0BHJNWD1Z.jpg,0,visual_group_1
B0BLLCJ963,B0BLLCJ963.jpg,0,visual_group_1
B0BT5ZCVSP,B0BT5ZCVSP.jpg,0,visual_group_1
B0C5PGRP7V,B0C5PGRP7V.jpg,0,visual_group_1
B0C7Y8NKV2,B0C7Y8NKV2.jpg,0,visual_group_1
B0G34ZDPLC,B0G34ZDPLC.jpg,0,visual_group_1
B000FFRZ26,B000FFRZ26.jpg,1,visual_group_2
B002YI2IG0,B002YI2IG0.jpg,1,visual_group_2
B00AF7WUO2,B00AF7WUO2.jpg,1,visual_group_2
B00CH9QWOU,B00CH9QWOU.jpg,1,visual_group_2
B00DWKEHU4,B00DWKEHU4.jpg,1,visual_group_2
B00EI7DPPI,B00EI7DPPI.jpg,1,visual_group_2
B00MVWGQX0,B00MVWGQX0.jpg,1,visual_group_2
B018UQ5AMS,B018UQ5AMS.jpg,1,visual_group_2
B01GJOMWVA,B01GJOMWVA.jpg,1,visual_group_2
B01GJOMWYC,B01GJOMWYC.jpg,1,visual_group_2
B01N6T5QNO,B01N6T5QNO.jpg,1,visual_group_2
B07684BPLB,B07684BPLB.jpg,1,visual_group_2
B077K9YW7D,B077K9YW7D.jpg,1,visual_group_2
B078NN17K3,B078NN17K3.jpg,1,visual_group_2
B078WMLXXG,B078WMLXXG.jpg,1,visual_group_2
B07PFLM2LK,B07PFLM2LK.jpg,1,visual_group_2
B07S98411N,B07S98411N.jpg,1,visual_group_2
B0892TW82K,B0892TW82K.jpg,1,visual_group_2
B0892V8JT8,B0892V8JT8.jpg,1,visual_group_2
B08QD33PZ2,B08QD33PZ2.jpg,1,visual_group_2
B09715G57M,B09715G57M.jpg,1,visual_group_2
B09X3WGJ3R,B09X3WGJ3R.jpg,1,visual_group_2
B0B41D4PR1,B0B41D4PR1.jpg,1,visual_group_2
B0BM3C13B6,B0BM3C13B6.jpg,1,visual_group_2
B0C2JK9Y8V,B0C2JK9Y8V.jpg,1,visual_group_2
B0C8B9V7HR,B0C8B9V7HR.jpg,1,visual_group_2
B0CR6BWHQN,B0CR6BWHQN.jpg,1,visual_group_2
B0CSDRZSGG,B0CSDRZSGG.jpg,1,visual_group_2
B0CT43D46H,B0CT43D46H.jpg,1,visual_group_2
B0CZQCTD4K,B0CZQCTD4K.jpg,1,visual_group_2
B0D45PK5V4,B0D45PK5V4.jpg,1,visual_group_2
B0D8LXRHQ8,B0D8LXRHQ8.jpg,1,visual_group_2
B0D9QFRJMX,B0D9QFRJMX.jpg,1,visual_group_2
B0DHCJDJBW,B0DHCJDJBW.jpg,1,visual_group_2
B0DJFBF3SH,B0DJFBF3SH.jpg,1,visual_group_2
B0DPNJVG1Z,B0DPNJVG1Z.jpg,1,visual_group_2
B0DR31TG5X,B0DR31TG5X.jpg,1,visual_group_2
B0F5JFTR1Q,B0F5JFTR1Q.jpg,1,visual_group_2
B0FFN4JDNP,B0FFN4JDNP.jpg,1,visual_group_2
B0FHSC6SPM,B0FHSC6SPM.jpg,1,visual_group_2
B0FMSTSYL7,B0FMSTSYL7.jpg,1,visual_group_2
B0FMTSRKYL,B0FMTSRKYL.jpg,1,visual_group_2
B0FTZZYP24,B0FTZZYP24.jpg,1,visual_group_2
B0G6NCZ3WK,B0G6NCZ3WK.jpg,1,visual_group_2
B0GGLXDQM8,B0GGLXDQM8.jpg,1,visual_group_2
B0GQBYVN9W,B0GQBYVN9W.jpg,1,visual_group_2
B0H6M2J4GK,B0H6M2J4GK.jpg,1,visual_group_2
B0HFJBR6NM,B0HFJBR6NM.jpg,1,visual_group_2
B00HVW5FQO,B00HVW5FQO.jpg,2,visual_group_3
B00JUM7DNG,B00JUM7DNG.jpg,2,visual_group_3
B00LSRU2JS,B00LSRU2JS.jpg,2,visual_group_3
B00VTV95AK,B00VTV95AK.jpg,2,visual_group_3
B011QQE1HE,B011QQE1HE.jpg,2,visual_group_3
B071DVQLT2,B071DVQLT2.jpg,2,visual_group_3
B0746PGJGC,B0746PGJGC.jpg,2,visual_group_3
B07611Y7N7,B07611Y7N7.jpg,2,visual_group_3
B0767PWDQ4,B0767PWDQ4.jpg,2,visual_group_3
B0787P86ZZ,B0787P86ZZ.jpg,2,visual_group_3
B07HRBWC9N,B07HRBWC9N.jpg,2,visual_group_3
B07HRHBLJ4,B07HRHBLJ4.jpg,2,visual_group_3
B07JBS59X1,B07JBS59X1.jpg,2,visual_group_3
B07M8NXFWM,B07M8NXFWM.jpg,2,visual_group_3
B07M9RS9WS,B07M9RS9WS.jpg,2,visual_group_3
B07MNSWM9V,B07MNSWM9V.jpg,2,visual_group_3
B07Q77SDYS,B07Q77SDYS.jpg,2,visual_group_3
B07XLTPC5L,B07XLTPC5L.jpg,2,visual_group_3
B0846KKG89,B0846KKG89.jpg,2,visual_group_3
B086KY66PJ,B086KY66PJ.jpg,2,visual_group_3
B08F2NB5PH,B08F2NB5PH.jpg,2,visual_group_3
B08XTWF6DH,B08XTWF6DH.jpg,2,visual_group_3
B091Y144ZF,B091Y144ZF.jpg,2,visual_group_3
B09313VG36,B09313VG36.jpg,2,visual_group_3
B09B5BQ3YX,B09B5BQ3YX.jpg,2,visual_group_3
B09GYK6TWW,B09GYK6TWW.jpg,2,visual_group_3
B09QKXN11C,B09QKXN11C.jpg,2,visual_group_3
B09S6WK83S,B09S6WK83S.jpg,2,visual_group_3
B09SNTBDKQ,B09SNTBDKQ.jpg,2,visual_group_3
B09V33J4K9,B09V33J4K9.jpg,2,visual_group_3
B0BPYCHYP9,B0BPYCHYP9.jpg,2,visual_group_3
B0C1Z2WXLS,B0C1Z2WXLS.jpg,2,visual_group_3
B0C1Z64LJR,B0C1Z64LJR.jpg,2,visual_group_3
B0C6MGY1Q1,B0C6MGY1Q1.jpg,2,visual_group_3
B0CLFFB8MH,B0CLFFB8MH.jpg,2,visual_group_3
B0CLPK9SGK,B0CLPK9SGK.jpg,2,visual_group_3
B0CNSHYZF7,B0CNSHYZF7.jpg,2,visual_group_3
B0D1H3W5K7,B0D1H3W5K7.jpg,2,visual_group_3
B0D2PKRQSN,B0D2PKRQSN.jpg,2,visual_group_3
B0DHXBV1WR,B0DHXBV1WR.jpg,2,visual_group_3
B0DJZKKJJS,B0DJZKKJJS.jpg,2,visual_group_3
B0DPG63QRS,B0DPG63QRS.jpg,2,visual_group_3
B0DQCL1VWP,B0DQCL1VWP.jpg,2,visual_group_3
B0DTHCVZ2W,B0DTHCVZ2W.jpg,2,visual_group_3
B0DY7F3X7J,B0DY7F3X7J.jpg,2,visual_group_3
B0F9P8SJXJ,B0F9P8SJXJ.jpg,2,visual_group_3
B0FF5DLFND,B0FF5DLFND.jpg,2,visual_group_3
B0FFQKF4V7,B0FFQKF4V7.jpg,2,visual_group_3
B0FQB4HN3H,B0FQB4HN3H.jpg,2,visual_group_3
B0FS7F8P89,B0FS7F8P89.jpg,2,visual_group_3
B0FVBPT4BF,B0FVBPT4BF.jpg,2,visual_group_3
B0G38V9HS8,B0G38V9HS8.jpg,2,visual_group_3
B0G3WJZNZN,B0G3WJZNZN.jpg,2,visual_group_3
B0G4RRS5BP,B0G4RRS5BP.jpg,2,visual_group_3
B0G545Y5LB,B0G545Y5LB.jpg,2,visual_group_3
B0G71NKQC4,B0G71NKQC4.jpg,2,visual_group_3
B0GC59R2B4,B0GC59R2B4.jpg,2,visual_group_3
B0GF15CCZ1,B0GF15CCZ1.jpg,2,visual_group_3
B0H3SR472Y,B0H3SR472Y.jpg,2,visual_group_3
B0H9L8GN8D,B0H9L8GN8D.jpg,2,visual_group_3
B08T6X2974,B08T6X2974.jpg,3,visual_group_4
B09LM1P132,B09LM1P132.jpg,3,visual_group_4
B0BT8K88SR,B0BT8K88SR.jpg,3,visual_group_4
B0BZRZGJDL,B0BZRZGJDL.jpg,3,visual_group_4
B0BZZT7D5V,B0BZZT7D5V.jpg,3,visual_group_4
B0C1DZKS8J,B0C1DZKS8J.jpg,3,visual_group_4
B0CDPXLCHF,B0CDPXLCHF.jpg,3,visual_group_4
B0CDQ81X9T,B0CDQ81X9T.jpg,3,visual_group_4
B0CWRCCFTM,B0CWRCCFTM.jpg,3,visual_group_4
B0D7369LNC,B0D7369LNC.jpg,3,visual_group_4
B0DJ74H464,B0DJ74H464.jpg,3,visual_group_4
B0DLCG65B5,B0DLCG65B5.jpg,3,visual_group_4
B0F8HF7X28,B0F8HF7X28.jpg,3,visual_group_4
B0G4W8NYT5,B0G4W8NYT5.jpg,3,visual_group_4
B0GH7M2MPW,B0GH7M2MPW.jpg,3,visual_group_4
B000FBO0DM,B000FBO0DM.jpg,4,visual_group_5
B000GLN15O,B000GLN15O.jpg,4,visual_group_5
B001BAKN00,B001BAKN00.jpg,4,visual_group_5
B002FU6T8A,B002FU6T8A.jpg,4,visual_group_5
B003XGG0IE,B003XGG0IE.jpg,4,visual_group_5
B004SOA3ZG,B004SOA3ZG.jpg,4,visual_group_5
B00A6FGK3A,B00A6FGK3A.jpg,4,visual_group_5
B01LZSLIE2,B01LZSLIE2.jpg,4,visual_group_5
B075B7788K,B075B7788K.jpg,4,visual_group_5
B07996YZPD,B07996YZPD.jpg,4,visual_group_5
B07C2LZC23,B07C2LZC23.jpg,4,visual_group_5
B07J2NRG93,B07J2NRG93.jpg,4,visual_group_5
B07MRD7118,B07MRD7118.jpg,4,visual_group_5
B07MW4R1X3,B07MW4R1X3.jpg,4,visual_group_5
B07N3YKHNB,B07N3YKHNB.jpg,4,visual_group_5
B07RBV936R,B07RBV936R.jpg,4,visual_group_5
B07XCQ3Z8H,B07XCQ3Z8H.jpg,4,visual_group_5
B07YSQMBZN,B07YSQMBZN.jpg,4,visual_group_5
B08937RF9V,B08937RF9V.jpg,4,visual_group_5
B08R5DZKY9,B08R5DZKY9.jpg,4,visual_group_5
B0995MYSRN,B0995MYSRN.jpg,4,visual_group_5
B09GRX7RJ7,B09GRX7RJ7.jpg,4,visual_group_5
B09RZM9HDS,B09RZM9HDS.jpg,4,visual_group_5
B09TQLWNL1,B09TQLWNL1.jpg,4,visual_group_5
B0B3XKHTR1,B0B3XKHTR1.jpg,4,visual_group_5
B0BKGPYDSZ,B0BKGPYDSZ.jpg,4,visual_group_5
B0BKSKCYX7,B0BKSKCYX7.jpg,4,visual_group_5
B0C1NDGV2S,B0C1NDGV2S.jpg,4,visual_group_5
B0C4Y32M4S,B0C4Y32M4S.jpg,4,visual_group_5
B0C5GTHLZ8,B0C5GTHLZ8.jpg,4,visual_group_5
B0C7KYKTL5,B0C7KYKTL5.jpg,4,visual_group_5
B0CRTQ3J5D,B0CRTQ3J5D.jpg,4,visual_group_5
B0D2X2KP7Q,B0D2X2KP7Q.jpg,4,visual_group_5
B0D97BWLZ4,B0D97BWLZ4.jpg,4,visual_group_5
B0DHWXM4J5,B0DHWXM4J5.jpg,4,visual_group_5
B0F1TBXD8B,B0F1TBXD8B.jpg,4,visual_group_5
B0F21DH46Q,B0F21DH46Q.jpg,4,visual_group_5
B0F28L2J8G,B0F28L2J8G.jpg,4,visual_group_5
B0F5GQQKG7,B0F5GQQKG7.jpg,4,visual_group_5
B0F8HWPP54,B0F8HWPP54.jpg,4,visual_group_5
B0F9L7N1FY,B0F9L7N1FY.jpg,4,visual_group_5
B0FCLXHDWW,B0FCLXHDWW.jpg,4,visual_group_5
B0FD8M1ZVY,B0FD8M1ZVY.jpg,4,visual_group_5
B0FLYJM9DC,B0FLYJM9DC.jpg,4,visual_group_5
B0FWJFFRJH,B0FWJFFRJH.jpg,4,visual_group_5
B0GVN98BP7,B0GVN98BP7.jpg,4,visual_group_5
B0GZ448YMB,B0GZ448YMB.jpg,4,visual_group_5
B0H697L1GC,B0H697L1GC.jpg,4,visual_group_5
B07CMS5Q6P,B07CMS5Q6P.jpg,5,visual_group_6
B07GBZ4Q68,B07GBZ4Q68.jpg,5,visual_group_6
B07L4BM851,B07L4BM851.jpg,5,visual_group_6
B08SJ5Z8JL,B08SJ5Z8JL.jpg,5,visual_group_6
B092CB69Q4,B092CB69Q4.jpg,5,visual_group_6
B094PS5RZQ,B094PS5RZQ.jpg,5,visual_group_6
B09C13PZX7,B09C13PZX7.jpg,5,visual_group_6
B09ZY348SY,B09ZY348SY.jpg,5,visual_group_6
B0BX52C4LN,B0BX52C4LN.jpg,5,visual_group_6
B0BXBC26X8,B0BXBC26X8.jpg,5,visual_group_6
B0DJ11FRD2,B0DJ11FRD2.jpg,5,visual_group_6
B0FC5SJNQX,B0FC5SJNQX.jpg,5,visual_group_6
B0FCMHJBMW,B0FCMHJBMW.jpg,5,visual_group_6
B0G12HGHGM,B0G12HGHGM.jpg,5,visual_group_6
B0GMLBSSTD,B0GMLBSSTD.jpg,5,visual_group_6
B0H4SBT4SH,B0H4SBT4SH.jpg,5,visual_group_6
B00KSQ8ZNA,B00KSQ8ZNA.jpg,6,visual_group_7
B08SK4DMHR,B08SK4DMHR.jpg,6,visual_group_7
B094YXX3BZ,B094YXX3BZ.jpg,6,visual_group_7
B09QPRV2V7,B09QPRV2V7.jpg,6,visual_group_7
B09XF23WY2,B09XF23WY2.jpg,6,visual_group_7
B09XF3HRGW,B09XF3HRGW.jpg,6,visual_group_7
B09YV633PL,B09YV633PL.jpg,6,visual_group_7
B0BB5ZBT42,B0BB5ZBT42.jpg,6,visual_group_7
B0BBMK7RCF,B0BBMK7RCF.jpg,6,visual_group_7
B0BNHNG5CY,B0BNHNG5CY.jpg,6,visual_group_7
B0BRCJL4MM,B0BRCJL4MM.jpg,6,visual_group_7
B0C3M87K71,B0C3M87K71.jpg,6,visual_group_7
B0C4JTPPYY,B0C4JTPPYY.jpg,6,visual_group_7
B0C7H3MSVJ,B0C7H3MSVJ.jpg,6,visual_group_7
B0CG6TN45R,B0CG6TN45R.jpg,6,visual_group_7
B0CJM6WYZ8,B0CJM6WYZ8.jpg,6,visual_group_7
B0CLNFNCQ5,B0CLNFNCQ5.jpg,6,visual_group_7
B0CM393GGP,B0CM393GGP.jpg,6,visual_group_7
B0CM5Q5PS8,B0CM5Q5PS8.jpg,6,visual_group_7
B0CNZS9RRB,B0CNZS9RRB.jpg,6,visual_group_7
B0CQ3ZGKP3,B0CQ3ZGKP3.jpg,6,visual_group_7
B0CRQX9R5H,B0CRQX9R5H.jpg,6,visual_group_7
B0CRY97FPB,B0CRY97FPB.jpg,6,visual_group_7
B0CZMPX2PW,B0CZMPX2PW.jpg,6,visual_group_7
B0D14L7MGZ,B0D14L7MGZ.jpg,6,visual_group_7
B0D1DLY4H4,B0D1DLY4H4.jpg,6,visual_group_7
B0D1FQCKXM,B0D1FQCKXM.jpg,6,visual_group_7
B0D1KHCHZP,B0D1KHCHZP.jpg,6,visual_group_7
B0D1QY8PL6,B0D1QY8PL6.jpg,6,visual_group_7
B0D2LGK82V,B0D2LGK82V.jpg,6,visual_group_7
B0D4DG2CG2,B0D4DG2CG2.jpg,6,visual_group_7
B0D7CJ6BDH,B0D7CJ6BDH.jpg,6,visual_group_7
B0DG7H2FL4,B0DG7H2FL4.jpg,6,visual_group_7
B0DQTRH3V4,B0DQTRH3V4.jpg,6,visual_group_7
B0DS41FKHX,B0DS41FKHX.jpg,6,visual_group_7
B0DZFGTCLR,B0DZFGTCLR.jpg,6,visual_group_7
B0F1XKYJFD,B0F1XKYJFD.jpg,6,visual_group_7
B0F22BR222,B0F22BR222.jpg,6,visual_group_7
B0F5BH3Z9T,B0F5BH3Z9T.jpg,6,visual_group_7
B0FCS5W2WL,B0FCS5W2WL.jpg,6,visual_group_7
B0FG7XJWLM,B0FG7XJWLM.jpg,6,visual_group_7
B0FRS7SVR7,B0FRS7SVR7.jpg,6,visual_group_7
B0G6KNJH1Z,B0G6KNJH1Z.jpg,6,visual_group_7
B0G7RDYJFY,B0G7RDYJFY.jpg,6,visual_group_7
B0G7SSHT9F,B0G7SSHT9F.jpg,6,visual_group_7
B0GCHK16ZH,B0GCHK16ZH.jpg,6,visual_group_7
B0GT9BR934,B0GT9BR934.jpg,6,visual_group_7
B0GXV4S23L,B0GXV4S23L.jpg,6,visual_group_7
B0GY76LD9T,B0GY76LD9T.jpg,6,visual_group_7
B000ARIVG8,B000ARIVG8.jpg,7,visual_group_8
B0059WSTKC,B0059WSTKC.jpg,7,visual_group_8
B00DJSRMBK,B00DJSRMBK.jpg,7,visual_group_8
B014GNJS22,B014GNJS22.jpg,7,visual_group_8
B077ZF7B7R,B077ZF7B7R.jpg,7,visual_group_8
B07B41HCNT,B07B41HCNT.jpg,7,visual_group_8
B07B422G13,B07B422G13.jpg,7,visual_group_8
B07BKLXNC7,B07BKLXNC7.jpg,7,visual_group_8
B09YBF976L,B09YBF976L.jpg,7,visual_group_8
B09Z7399J2,B09Z7399J2.jpg,7,visual_group_8
B0B89H61L5,B0B89H61L5.jpg,7,visual_group_8
B0B9BN89HB,B0B9BN89HB.jpg,7,visual_group_8
B0BZXTB2RJ,B0BZXTB2RJ.jpg,7,visual_group_8
B0C9VVY37G,B0C9VVY37G.jpg,7,visual_group_8
B0CCPNR1BL,B0CCPNR1BL.jpg,7,visual_group_8
B0CDJ9X577,B0CDJ9X577.jpg,7,visual_group_8
B0CK3BZBCM,B0CK3BZBCM.jpg,7,visual_group_8
B0CL7RDRRT,B0CL7RDRRT.jpg,7,visual_group_8
B0CMQLKP9J,B0CMQLKP9J.jpg,7,visual_group_8
B0CNY4XXGT,B0CNY4XXGT.jpg,7,visual_group_8
B0CTJ4P8CH,B0CTJ4P8CH.jpg,7,visual_group_8
B0D5SJKN4N,B0D5SJKN4N.jpg,7,visual_group_8
B0D6CKVZ6F,B0D6CKVZ6F.jpg,7,visual_group_8
B0DC9M8YPB,B0DC9M8YPB.jpg,7,visual_group_8
B0DDRJH4FQ,B0DDRJH4FQ.jpg,7,visual_group_8
B0DHLJS6KB,B0DHLJS6KB.jpg,7,visual_group_8
B0DK5ZR1LS,B0DK5ZR1LS.jpg,7,visual_group_8
B0DNTV4CQ5,B0DNTV4CQ5.jpg,7,visual_group_8
B0DQ8SXR6V,B0DQ8SXR6V.jpg,7,visual_group_8
B0DT1JJQH4,B0DT1JJQH4.jpg,7,visual_group_8
B0F2G217VL,B0F2G217VL.jpg,7,visual_group_8
B0F2S8DB34,B0F2S8DB34.jpg,7,visual_group_8
B0F4LQRJJK,B0F4LQRJJK.jpg,7,visual_group_8
B0F4M35SDZ,B0F4M35SDZ.jpg,7,visual_group_8
B0F4WY29V3,B0F4WY29V3.jpg,7,visual_group_8
B0FBZWDRRP,B0FBZWDRRP.jpg,7,visual_group_8
B0FHJG27F1,B0FHJG27F1.jpg,7,visual_group_8
B0FJL8TBX8,B0FJL8TBX8.jpg,7,visual_group_8
B0FV7675ZV,B0FV7675ZV.jpg,7,visual_group_8
B0FV7FDJ1T,B0FV7FDJ1T.jpg,7,visual_group_8
B0G2GQHPMH,B0G2GQHPMH.jpg,7,visual_group_8
B0G459XG71,B0G459XG71.jpg,7,visual_group_8
B0G4XB3L4M,B0G4XB3L4M.jpg,7,visual_group_8
B0G5BS3RLS,B0G5BS3RLS.jpg,7,visual_group_8
B0G6T81L8M,B0G6T81L8M.jpg,7,visual_group_8
B0GMG9MBPW,B0GMG9MBPW.jpg,7,visual_group_8
B0GT2B58ST,B0GT2B58ST.jpg,7,visual_group_8
B0GY1H4MBY,B0GY1H4MBY.jpg,7,visual_group_8
B00009J580,B00009J580.jpg,8,visual_group_9
B0002F58TG,B0002F58TG.jpg,8,visual_group_9
B000RVYMWE,B000RVYMWE.jpg,8,visual_group_9
B001U0OWTO,B001U0OWTO.jpg,8,visual_group_9
B01DW6ACPG,B01DW6ACPG.jpg,8,visual_group_9
B01MYTZRJM,B01MYTZRJM.jpg,8,visual_group_9
B0772WW8SD,B0772WW8SD.jpg,8,visual_group_9
B079FRVSPH,B079FRVSPH.jpg,8,visual_group_9
B07F39CHRZ,B07F39CHRZ.jpg,8,visual_group_9
B07J55FMVP,B07J55FMVP.jpg,8,visual_group_9
B07JR7Y8YD,B07JR7Y8YD.jpg,8,visual_group_9
B07K7J4CMY,B07K7J4CMY.jpg,8,visual_group_9
B07KF8L7Z5,B07KF8L7Z5.jpg,8,visual_group_9
B07N25S8KX,B07N25S8KX.jpg,8,visual_group_9
B07N8LF967,B07N8LF967.jpg,8,visual_group_9
B07NY83N81,B07NY83N81.jpg,8,visual_group_9
B07RP1PR13,B07RP1PR13.jpg,8,visual_group_9
B07TJXQ1TL,B07TJXQ1TL.jpg,8,visual_group_9
B0849ZFBGS,B0849ZFBGS.jpg,8,visual_group_9
B084BZH9PG,B084BZH9PG.jpg,8,visual_group_9
B089P1LLFS,B089P1LLFS.jpg,8,visual_group_9
B089P25CQ1,B089P25CQ1.jpg,8,visual_group_9
B08W1YKCH5,B08W1YKCH5.jpg,8,visual_group_9
B094QP8DWG,B094QP8DWG.jpg,8,visual_group_9
B09J4V4XFM,B09J4V4XFM.jpg,8,visual_group_9
B0B7NGBTKH,B0B7NGBTKH.jpg,8,visual_group_9
B0BPH6KQ5X,B0BPH6KQ5X.jpg,8,visual_group_9
B0CN1JGYKQ,B0CN1JGYKQ.jpg,8,visual_group_9
B0CSCYPL52,B0CSCYPL52.jpg,8,visual_group_9
B0CSM2MJ55,B0CSM2MJ55.jpg,8,visual_group_9
B0CW6KY2ZK,B0CW6KY2ZK.jpg,8,visual_group_9
B0D2PNMDJZ,B0D2PNMDJZ.jpg,8,visual_group_9
B0D879MCZP,B0D879MCZP.jpg,8,visual_group_9
B0DJPYN19Z,B0DJPYN19Z.jpg,8,visual_group_9
B0DZ26C4PN,B0DZ26C4PN.jpg,8,visual_group_9
B0F9P519ZM,B0F9P519ZM.jpg,8,visual_group_9
B0FTNNTTJX,B0FTNNTTJX.jpg,8,visual_group_9
B0FX98ZWZZ,B0FX98ZWZZ.jpg,8,visual_group_9
B0FX994CQV,B0FX994CQV.jpg,8,visual_group_9
B0FX9FVSXQ,B0FX9FVSXQ.jpg,8,visual_group_9
B0GCGT6NYM,B0GCGT6NYM.jpg,8,visual_group_9
B0GFFTFYDB,B0GFFTFYDB.jpg,8,visual_group_9
B0GGQMS93M,B0GGQMS93M.jpg,8,visual_group_9
B0GGQNBMT1,B0GGQNBMT1.jpg,8,visual_group_9
B0GJFXF52B,B0GJFXF52B.jpg,8,visual_group_9
B0H12BW67D,B0H12BW67D.jpg,8,visual_group_9
B0H28ZM4NL,B0H28ZM4NL.jpg,8,visual_group_9
B0H4HQ9XFN,B0H4HQ9XFN.jpg,8,visual_group_9
B0H75WG1L4,B0H75WG1L4.jpg,8,visual_group_9
B00FLYWNYQ,B00FLYWNYQ.jpg,9,visual_group_10
B01B1VC13K,B01B1VC13K.jpg,9,visual_group_10
B01NBKTPTS,B01NBKTPTS.jpg,9,visual_group_10
B06Y1YD5W7,B06Y1YD5W7.jpg,9,visual_group_10
B07VT23JDM,B07VT23JDM.jpg,9,visual_group_10
B08PPZWNCV,B08PPZWNCV.jpg,9,visual_group_10
B08PQ2KWHS,B08PQ2KWHS.jpg,9,visual_group_10
B08TMTJZ8L,B08TMTJZ8L.jpg,9,visual_group_10
B09MZTP44L,B09MZTP44L.jpg,9,visual_group_10
B0BFX95J5P,B0BFX95J5P.jpg,9,visual_group_10
B0C35HNPW9,B0C35HNPW9.jpg,9,visual_group_10
B0DJFJFSZ5,B0DJFJFSZ5.jpg,9,visual_group_10
B0F9B923NC,B0F9B923NC.jpg,9,visual_group_10
B0F9B9R5J9,B0F9B9R5J9.jpg,9,visual_group_10
B0F9BD5M2K,B0F9BD5M2K.jpg,9,visual_group_10
B0FBK1XHXR,B0FBK1XHXR.jpg,9,visual_group_10
B0FHWGB7FW,B0FHWGB7FW.jpg,9,visual_group_10
B0HBWW3958,B0HBWW3958.jpg,9,visual_group_10
B0HDB6MTYJ,B0HDB6MTYJ.jpg,9,visual_group_10
B009NNZOEW,B009NNZOEW.jpg,10,visual_group_11
B01728NLRG,B01728NLRG.jpg,10,visual_group_11
B071NNRZTG,B071NNRZTG.jpg,10,visual_group_11
B07CMS5Q6N,B07CMS5Q6N.jpg,10,visual_group_11
B07CVPZJTV,B07CVPZJTV.jpg,10,visual_group_11
B07NSSPV9S,B07NSSPV9S.jpg,10,visual_group_11
B07VVK39F7,B07VVK39F7.jpg,10,visual_group_11
B083TMWFSZ,B083TMWFSZ.jpg,10,visual_group_11
B086PDW7BB,B086PDW7BB.jpg,10,visual_group_11
B08FDPW8KR,B08FDPW8KR.jpg,10,visual_group_11
B08FJ678YK,B08FJ678YK.jpg,10,visual_group_11
B08HMV1PY3,B08HMV1PY3.jpg,10,visual_group_11
B08HW4HX66,B08HW4HX66.jpg,10,visual_group_11
B08KPJ76RR,B08KPJ76RR.jpg,10,visual_group_11
B099MV5XMX,B099MV5XMX.jpg,10,visual_group_11
B09FJSJQ95,B09FJSJQ95.jpg,10,visual_group_11
B09GTRVJQM,B09GTRVJQM.jpg,10,visual_group_11
B09MFBNTG3,B09MFBNTG3.jpg,10,visual_group_11
B0B4ZSKPNL,B0B4ZSKPNL.jpg,10,visual_group_11
B0B9T4KCV7,B0B9T4KCV7.jpg,10,visual_group_11
B0BGPF71Q6,B0BGPF71Q6.jpg,10,visual_group_11
B0BNDM2RNG,B0BNDM2RNG.jpg,10,visual_group_11
B0BR5JHB3Z,B0BR5JHB3Z.jpg,10,visual_group_11
B0BRKPVZB4,B0BRKPVZB4.jpg,10,visual_group_11
B0CB1FW5FC,B0CB1FW5FC.jpg,10,visual_group_11
B0CH829X5R,B0CH829X5R.jpg,10,visual_group_11
B0CQ53RVTW,B0CQ53RVTW.jpg,10,visual_group_11
B0CX1FRR27,B0CX1FRR27.jpg,10,visual_group_11
B0CXJ97TV1,B0CXJ97TV1.jpg,10,visual_group_11
B0D41XL87F,B0D41XL87F.jpg,10,visual_group_11
B0D6RDPT9M,B0D6RDPT9M.jpg,10,visual_group_11
B0D6W8GSL3,B0D6W8GSL3.jpg,10,visual_group_11
B0D6WD2QSQ,B0D6WD2QSQ.jpg,10,visual_group_11
B0DC9PV394,B0DC9PV394.jpg,10,visual_group_11
B0DCBC8KKV,B0DCBC8KKV.jpg,10,visual_group_11
B0DFLGW8MF,B0DFLGW8MF.jpg,10,visual_group_11
B0DFLNL3XM,B0DFLNL3XM.jpg,10,visual_group_11
B0DGC4GTRZ,B0DGC4GTRZ.jpg,10,visual_group_11
B0DK1MQ4GP,B0DK1MQ4GP.jpg,10,visual_group_11
B0DM6HGJNS,B0DM6HGJNS.jpg,10,visual_group_11
B0DN2ZCZX6,B0DN2ZCZX6.jpg,10,visual_group_11
B0DQD35SQ4,B0DQD35SQ4.jpg,10,visual_group_11
B0DSZJ7GJ9,B0DSZJ7GJ9.jpg,10,visual_group_11
B0F32L1MCQ,B0F32L1MCQ.jpg,10,visual_group_11
B0F5Q2Y387,B0F5Q2Y387.jpg,10,visual_group_11
B0FRRMD96F,B0FRRMD96F.jpg,10,visual_group_11
B0FW34MF6F,B0FW34MF6F.jpg,10,visual_group_11
B0FX7T4H7D,B0FX7T4H7D.jpg,10,visual_group_11
B0G52SF9B7,B0G52SF9B7.jpg,10,visual_group_11
B0GFF3RCCL,B0GFF3RCCL.jpg,10,visual_group_11
B0GHY121Z1,B0GHY121Z1.jpg,10,visual_group_11
B0GHYJ7BS9,B0GHYJ7BS9.jpg,10,visual_group_11
B0H2VF6SPP,B0H2VF6SPP.jpg,10,visual_group_11
B0H461C5N4,B0H461C5N4.jpg,10,visual_group_11
B0H5W2YR99,B0H5W2YR99.jpg,10,visual_group_11
B0H6ZWLNZ3,B0H6ZWLNZ3.jpg,10,visual_group_11
B0H79HX4F3,B0H79HX4F3.jpg,10,visual_group_11
B0H7X6X3CR,B0H7X6X3CR.jpg,10,visual_group_11
B0H87CHKQD,B0H87CHKQD.jpg,10,visual_group_11
B0HBW8PTYN,B0HBW8PTYN.jpg,10,visual_group_11
B0HCTW6BYT,B0HCTW6BYT.jpg,10,visual_group_11
B0HDN8K6GB,B0HDN8K6GB.jpg,10,visual_group_11
B003GMP03Q,B003GMP03Q.jpg,11,visual_group_12
B003UKM9CO,B003UKM9CO.jpg,11,visual_group_12
B008I2IKI6,B008I2IKI6.jpg,11,visual_group_12
B01AKGRTUM,B01AKGRTUM.jpg,11,visual_group_12
B072YVWBXH,B072YVWBXH.jpg,11,visual_group_12
B078BF27BF,B078BF27BF.jpg,11,visual_group_12
B07DNR6TKM,B07DNR6TKM.jpg,11,visual_group_12
B07HFG93GK,B07HFG93GK.jpg,11,visual_group_12
B07L5P2J8D,B07L5P2J8D.jpg,11,visual_group_12
B07R8WGDKF,B07R8WGDKF.jpg,11,visual_group_12
B07XF8NT4C,B07XF8NT4C.jpg,11,visual_group_12
B07XG68WX2,B07XG68WX2.jpg,11,visual_group_12
B084TM4XKG,B084TM4XKG.jpg,11,visual_group_12
B08L78KPWJ,B08L78KPWJ.jpg,11,visual_group_12
B08WSTTCMG,B08WSTTCMG.jpg,11,visual_group_12
B09LD7WRVS,B09LD7WRVS.jpg,11,visual_group_12
B09LD8T445,B09LD8T445.jpg,11,visual_group_12
B09LD8VFS1,B09LD8VFS1.jpg,11,visual_group_12
B09LD8VXLX,B09LD8VXLX.jpg,11,visual_group_12
B0B3SRSP78,B0B3SRSP78.jpg,11,visual_group_12
B0B5HRWH1S,B0B5HRWH1S.jpg,11,visual_group_12
B0B5HSNPNH,B0B5HSNPNH.jpg,11,visual_group_12
B0B5HVM6JX,B0B5HVM6JX.jpg,11,visual_group_12
B0B5YPHMW8,B0B5YPHMW8.jpg,11,visual_group_12
B0B5YPZS45,B0B5YPZS45.jpg,11,visual_group_12
B0B6JTYB49,B0B6JTYB49.jpg,11,visual_group_12
B0B6KKXWQV,B0B6KKXWQV.jpg,11,visual_group_12
B0B9RQJFDV,B0B9RQJFDV.jpg,11,visual_group_12
B0C11C4WYN,B0C11C4WYN.jpg,11,visual_group_12
B0CZL55GR7,B0CZL55GR7.jpg,11,visual_group_12
B0D1DB1LXJ,B0D1DB1LXJ.jpg,11,visual_group_12
B0D1DQ7BH9,B0D1DQ7BH9.jpg,11,visual_group_12
B0D1DRYBTN,B0D1DRYBTN.jpg,11,visual_group_12
B0DCCJZC9F,B0DCCJZC9F.jpg,11,visual_group_12
B0DH1N34ZZ,B0DH1N34ZZ.jpg,11,visual_group_12
B0DLLGG2Z8,B0DLLGG2Z8.jpg,11,visual_group_12
B0DNMLK6SC,B0DNMLK6SC.jpg,11,visual_group_12
B0F5BV6B9G,B0F5BV6B9G.jpg,11,visual_group_12
B0FKBGLZRL,B0FKBGLZRL.jpg,11,visual_group_12
B0FRFW6VYR,B0FRFW6VYR.jpg,11,visual_group_12
B0FWLMV6NH,B0FWLMV6NH.jpg,11,visual_group_12
B0G3QN4SFY,B0G3QN4SFY.jpg,11,visual_group_12
B0G3QSHJCC,B0G3QSHJCC.jpg,11,visual_group_12
B0G3QTZV2L,B0G3QTZV2L.jpg,11,visual_group_12
B0G3RD2XVH,B0G3RD2XVH.jpg,11,visual_group_12
B0G67636H9,B0G67636H9.jpg,11,visual_group_12
B0G67KHJ47,B0G67KHJ47.jpg,11,visual_group_12
B0GJFW4MZC,B0GJFW4MZC.jpg,11,visual_group_12
B0GQW7WKGN,B0GQW7WKGN.jpg,11,visual_group_12
B0GQWSKBLD,B0GQWSKBLD.jpg,11,visual_group_12
B0GXDK2WHM,B0GXDK2WHM.jpg,11,visual_group_12
B0H46WV6X2,B0H46WV6X2.jpg,11,visual_group_12
B0H46YSXY4,B0H46YSXY4.jpg,11,visual_group_12
B0HDN7R95F,B0HDN7R95F.jpg,11,visual_group_12
B0HF883PF7,B0HF883PF7.jpg,11,visual_group_12
B07Y8BXBX8,B07Y8BXBX8.jpg,12,visual_group_13
B08B12P6CS,B08B12P6CS.jpg,12,visual_group_13
B09WTM88B6,B09WTM88B6.jpg,12,visual_group_13
B0BN6RRD5V,B0BN6RRD5V.jpg,12,visual_group_13
B0CB1BNBY7,B0CB1BNBY7.jpg,12,visual_group_13
B0CGGPKBCZ,B0CGGPKBCZ.jpg,12,visual_group_13
B0CP22DQQS,B0CP22DQQS.jpg,12,visual_group_13
B0CQD3K8PJ,B0CQD3K8PJ.jpg,12,visual_group_13
B0D4TKP2M1,B0D4TKP2M1.jpg,12,visual_group_13
B0D4YV8KZR,B0D4YV8KZR.jpg,12,visual_group_13
B0DCHXTGRN,B0DCHXTGRN.jpg,12,visual_group_13
B0DGK4LBX9,B0DGK4LBX9.jpg,12,visual_group_13
B0DGK8TG51,B0DGK8TG51.jpg,12,visual_group_13
B0DLVWB9RC,B0DLVWB9RC.jpg,12,visual_group_13
B0DP5SY554,B0DP5SY554.jpg,12,visual_group_13
B0DPHLWNBG,B0DPHLWNBG.jpg,12,visual_group_13
B0DZCMCBZY,B0DZCMCBZY.jpg,12,visual_group_13
B0F1CHX3D7,B0F1CHX3D7.jpg,12,visual_group_13
B0F9YFX3QN,B0F9YFX3QN.jpg,12,visual_group_13
B0FFGK32C5,B0FFGK32C5.jpg,12,visual_group_13
B0FFSR8G9V,B0FFSR8G9V.jpg,12,visual_group_13
B0FH25Z9W3,B0FH25Z9W3.jpg,12,visual_group_13
B0FLJLV8WN,B0FLJLV8WN.jpg,12,visual_group_13
B0FN3JSVNZ,B0FN3JSVNZ.jpg,12,visual_group_13
B0FRMS6KF3,B0FRMS6KF3.jpg,12,visual_group_13
B0FXRQQKQK,B0FXRQQKQK.jpg,12,visual_group_13
B0G2BPN56M,B0G2BPN56M.jpg,12,visual_group_13
B0GHVWZPL6,B0GHVWZPL6.jpg,12,visual_group_13
B0GHWBLFMN,B0GHWBLFMN.jpg,12,visual_group_13
B0GHWLZF39,B0GHWLZF39.jpg,12,visual_group_13
B0GS5QKBP2,B0GS5QKBP2.jpg,12,visual_group_13
B0GSPDRHW1,B0GSPDRHW1.jpg,12,visual_group_13
B0GVZYSLK2,B0GVZYSLK2.jpg,12,visual_group_13
B0GXDWJD86,B0GXDWJD86.jpg,12,visual_group_13
B0GXVTGXC2,B0GXVTGXC2.jpg,12,visual_group_13
B0GXZ39NBD,B0GXZ39NBD.jpg,12,visual_group_13
B0GXZ69S18,B0GXZ69S18.jpg,12,visual_group_13
B0H14TPV1L,B0H14TPV1L.jpg,12,visual_group_13
B0H38R57G6,B0H38R57G6.jpg,12,visual_group_13
B0H49HVCPW,B0H49HVCPW.jpg,12,visual_group_13
B0H6Q47Z7X,B0H6Q47Z7X.jpg,12,visual_group_13
B0H6SD9317,B0H6SD9317.jpg,12,visual_group_13
B0H6ZWS7BF,B0H6ZWS7BF.jpg,12,visual_group_13
B0H7XF1D5Z,B0H7XF1D5Z.jpg,12,visual_group_13
B0H82WWZ1D,B0H82WWZ1D.jpg,12,visual_group_13
B0H8DBTLV6,B0H8DBTLV6.jpg,12,visual_group_13
B0HBNDKB2X,B0HBNDKB2X.jpg,12,visual_group_13
B092RCLKHN,B092RCLKHN.jpg,13,visual_group_14
B0CDC6Y617,B0CDC6Y617.jpg,13,visual_group_14
B0CG6NBJ61,B0CG6NBJ61.jpg,13,visual_group_14
B0CG6NR413,B0CG6NR413.jpg,13,visual_group_14
B0CTCLBST5,B0CTCLBST5.jpg,13,visual_group_14
B0CW3VWC3X,B0CW3VWC3X.jpg,13,visual_group_14
B0D3Q1KRRB,B0D3Q1KRRB.jpg,13,visual_group_14
B0D7VG4754,B0D7VG4754.jpg,13,visual_group_14
B0DNF6RH4L,B0DNF6RH4L.jpg,13,visual_group_14
B0DYJKTHYF,B0DYJKTHYF.jpg,13,visual_group_14
B0F7Q5RB96,B0F7Q5RB96.jpg,13,visual_group_14
B0F7QD4HSD,B0F7QD4HSD.jpg,13,visual_group_14
B0FKLYJ36S,B0FKLYJ36S.jpg,13,visual_group_14
B0FWR4VJ87,B0FWR4VJ87.jpg,13,visual_group_14
B0GS5BWJLF,B0GS5BWJLF.jpg,13,visual_group_14
B0H4T9F3CH,B0H4T9F3CH.jpg,13,visual_group_14
B0HBQ5M712,B0HBQ5M712.jpg,13,visual_group_14
B0HC376WZX,B0HC376WZX.jpg,13,visual_group_14
B0HC3H4KVF,B0HC3H4KVF.jpg,13,visual_group_14
B0HDN4SV8F,B0HDN4SV8F.jpg,13,visual_group_14
B0007QCQGS,B0007QCQGS.jpg,14,visual_group_15
B06XZTZ7GB,B06XZTZ7GB.jpg,14,visual_group_15
B0772RGLXL,B0772RGLXL.jpg,14,visual_group_15
B07CPW148Z,B07CPW148Z.jpg,14,visual_group_15
B07F2YJRN2,B07F2YJRN2.jpg,14,visual_group_15
B07K74LDCH,B07K74LDCH.jpg,14,visual_group_15
B07V4R4Z77,B07V4R4Z77.jpg,14,visual_group_15
B0C13GFY7N,B0C13GFY7N.jpg,14,visual_group_15
B0CR9JFD7S,B0CR9JFD7S.jpg,14,visual_group_15
B0DL8W99LM,B0DL8W99LM.jpg,14,visual_group_15
B0DQSJM8SX,B0DQSJM8SX.jpg,14,visual_group_15
B0DT1H3CR1,B0DT1H3CR1.jpg,14,visual_group_15
B0F83YR84S,B0F83YR84S.jpg,14,visual_group_15
B0F9LRK6SS,B0F9LRK6SS.jpg,14,visual_group_15
B0FRLJF3C2,B0FRLJF3C2.jpg,14,visual_group_15
B0FSLB42V3,B0FSLB42V3.jpg,14,visual_group_15
B08SHN3TZP,B08SHN3TZP.jpg,15,visual_group_16
B09R6FNNS1,B09R6FNNS1.jpg,15,visual_group_16
B09VRX9YVW,B09VRX9YVW.jpg,15,visual_group_16
B0B3DS23NB,B0B3DS23NB.jpg,15,visual_group_16
B0C8171GTK,B0C8171GTK.jpg,15,visual_group_16
B0C8ZJNZY8,B0C8ZJNZY8.jpg,15,visual_group_16
B0CHHSFMRL,B0CHHSFMRL.jpg,15,visual_group_16
B0CP7RZRMD,B0CP7RZRMD.jpg,15,visual_group_16
B0D6PHQVSV,B0D6PHQVSV.jpg,15,visual_group_16
B0D8LH2VSP,B0D8LH2VSP.jpg,15,visual_group_16
B0D9MK23S7,B0D9MK23S7.jpg,15,visual_group_16
B0DB9Q5G3R,B0DB9Q5G3R.jpg,15,visual_group_16
B0DK44759Y,B0DK44759Y.jpg,15,visual_group_16
B0DM6SNBGM,B0DM6SNBGM.jpg,15,visual_group_16
B0DTVQN7KM,B0DTVQN7KM.jpg,15,visual_group_16
B0DVCBYMQY,B0DVCBYMQY.jpg,15,visual_group_16
B0F53SQRH4,B0F53SQRH4.jpg,15,visual_group_16
B0F6PLGZQG,B0F6PLGZQG.jpg,15,visual_group_16
B0F72ZCGWB,B0F72ZCGWB.jpg,15,visual_group_16
B0FHXY7VZ5,B0FHXY7VZ5.jpg,15,visual_group_16
B0FLM15Q5L,B0FLM15Q5L.jpg,15,visual_group_16
B0FM7FS7CR,B0FM7FS7CR.jpg,15,visual_group_16
B0FPDBC6KH,B0FPDBC6KH.jpg,15,visual_group_16
B0FS1V6XZD,B0FS1V6XZD.jpg,15,visual_group_16
B0FVXYDGK1,B0FVXYDGK1.jpg,15,visual_group_16
B0FWBVTYYP,B0FWBVTYYP.jpg,15,visual_group_16
B0G1PYLBD3,B0G1PYLBD3.jpg,15,visual_group_16
B0GJ7C5JFW,B0GJ7C5JFW.jpg,15,visual_group_16
B0GLRCN2SW,B0GLRCN2SW.jpg,15,visual_group_16
B0GRJ59M6Y,B0GRJ59M6Y.jpg,15,visual_group_16
B0GWVBWGJP,B0GWVBWGJP.jpg,15,visual_group_16
B0GX57WX9B,B0GX57WX9B.jpg,15,visual_group_16
B0GX66CNNJ,B0GX66CNNJ.jpg,15,visual_group_16
B0GY16ZXZV,B0GY16ZXZV.jpg,15,visual_group_16
B0H1W34CLJ,B0H1W34CLJ.jpg,15,visual_group_16
B0H2LTLNM4,B0H2LTLNM4.jpg,15,visual_group_16
B0H3ZMJ6PR,B0H3ZMJ6PR.jpg,15,visual_group_16
B0H99JJH7N,B0H99JJH7N.jpg,15,visual_group_16
B007RWD11Y,B007RWD11Y.jpg,16,visual_group_17
B00GHX5HGG,B00GHX5HGG.jpg,16,visual_group_17
B00GIBKC3K,B00GIBKC3K.jpg,16,visual_group_17
B00R3Z49G6,B00R3Z49G6.jpg,16,visual_group_17
B01ALYD1WI,B01ALYD1WI.jpg,16,visual_group_17
B01B3GARVG,B01B3GARVG.jpg,16,visual_group_17
B073J61P62,B073J61P62.jpg,16,visual_group_17
B08VJLYQ5D,B08VJLYQ5D.jpg,16,visual_group_17
B09B7WRM8P,B09B7WRM8P.jpg,16,visual_group_17
B09BQSYYHC,B09BQSYYHC.jpg,16,visual_group_17
B09GBBMTNS,B09GBBMTNS.jpg,16,visual_group_17
B09HCX9BTV,B09HCX9BTV.jpg,16,visual_group_17
B09Q5KPFXM,B09Q5KPFXM.jpg,16,visual_group_17
B09ZKV7354,B09ZKV7354.jpg,16,visual_group_17
B0BB6FTKPS,B0BB6FTKPS.jpg,16,visual_group_17
B0BFQLRHTJ,B0BFQLRHTJ.jpg,16,visual_group_17
B0BKH3TKKZ,B0BKH3TKKZ.jpg,16,visual_group_17
B0BNJWWR3S,B0BNJWWR3S.jpg,16,visual_group_17
B0C1YBPJ43,B0C1YBPJ43.jpg,16,visual_group_17
B0C3TS5MV1,B0C3TS5MV1.jpg,16,visual_group_17
B0C4T1PBM6,B0C4T1PBM6.jpg,16,visual_group_17
B0C6QKW4SM,B0C6QKW4SM.jpg,16,visual_group_17
B0C9LP36Q5,B0C9LP36Q5.jpg,16,visual_group_17
B0CN94Z17S,B0CN94Z17S.jpg,16,visual_group_17
B0CP5QXC1H,B0CP5QXC1H.jpg,16,visual_group_17
B0CRH87MK9,B0CRH87MK9.jpg,16,visual_group_17
B0CYNVKF7N,B0CYNVKF7N.jpg,16,visual_group_17
B0D9B96TBX,B0D9B96TBX.jpg,16,visual_group_17
B0DB4W8FB1,B0DB4W8FB1.jpg,16,visual_group_17
B0DB7Y69T4,B0DB7Y69T4.jpg,16,visual_group_17
B0DBJSS5LD,B0DBJSS5LD.jpg,16,visual_group_17
B0DFZG4CR3,B0DFZG4CR3.jpg,16,visual_group_17
B0DYP3J5BW,B0DYP3J5BW.jpg,16,visual_group_17
B0F3KWZQ61,B0F3KWZQ61.jpg,16,visual_group_17
B0FCZY644W,B0FCZY644W.jpg,16,visual_group_17
B0FDQ6SLSF,B0FDQ6SLSF.jpg,16,visual_group_17
B0FDR5YWM6,B0FDR5YWM6.jpg,16,visual_group_17
B0FK9Z871N,B0FK9Z871N.jpg,16,visual_group_17
B0FM83SLTL,B0FM83SLTL.jpg,16,visual_group_17
B0FV8J9YT2,B0FV8J9YT2.jpg,16,visual_group_17
B0FXX4Q21N,B0FXX4Q21N.jpg,16,visual_group_17
B0G4LV352H,B0G4LV352H.jpg,16,visual_group_17
B0G5GGC7FP,B0G5GGC7FP.jpg,16,visual_group_17
B0G8HSMYJJ,B0G8HSMYJJ.jpg,16,visual_group_17
B0G8HTRKQG,B0G8HTRKQG.jpg,16,visual_group_17
B0GC9RJQT1,B0GC9RJQT1.jpg,16,visual_group_17
B0GGRQKHV1,B0GGRQKHV1.jpg,16,visual_group_17
B0GK19NTQP,B0GK19NTQP.jpg,16,visual_group_17
B0GK6Q7H3W,B0GK6Q7H3W.jpg,16,visual_group_17
B0GQGJ4YF5,B0GQGJ4YF5.jpg,16,visual_group_17
B0GTV7FZJT,B0GTV7FZJT.jpg,16,visual_group_17
B0GVYG8Q4B,B0GVYG8Q4B.jpg,16,visual_group_17
B0H2NBJ2RN,B0H2NBJ2RN.jpg,16,visual_group_17
B0H45CW221,B0H45CW221.jpg,16,visual_group_17
B0H69Z4DWC,B0H69Z4DWC.jpg,16,visual_group_17
B0HC7CLS4G,B0HC7CLS4G.jpg,16,visual_group_17
B000FDZJBM,B000FDZJBM.jpg,17,visual_group_18
B001L2MD2E,B001L2MD2E.jpg,17,visual_group_18
B002YX0GAA,B002YX0GAA.jpg,17,visual_group_18
B08J1W22JN,B08J1W22JN.jpg,17,visual_group_18
B08YFF5MXX,B08YFF5MXX.jpg,17,visual_group_18
B0F3DPXQP1,B0F3DPXQP1.jpg,17,visual_group_18
B0F3DQ4Z9J,B0F3DQ4Z9J.jpg,17,visual_group_18
B0F3DQHQ9K,B0F3DQHQ9K.jpg,17,visual_group_18
B0F3DQSZKT,B0F3DQSZKT.jpg,17,visual_group_18
B0F3DR5P2W,B0F3DR5P2W.jpg,17,visual_group_18
B0F3DRTCB2,B0F3DRTCB2.jpg,17,visual_group_18
B0F3DSJZ5H,B0F3DSJZ5H.jpg,17,visual_group_18
B0F3F2XPW1,B0F3F2XPW1.jpg,17,visual_group_18
8883707168,8883707168.jpg,18,visual_group_19
B001F38YWM,B001F38YWM.jpg,18,visual_group_19
B00D3OR58A,B00D3OR58A.jpg,18,visual_group_19
B01BHL3DCC,B01BHL3DCC.jpg,18,visual_group_19
B01DN8TCEU,B01DN8TCEU.jpg,18,visual_group_19
B071NRXVBP,B071NRXVBP.jpg,18,visual_group_19
B07ZHNKGVC,B07ZHNKGVC.jpg,18,visual_group_19
B083QFCTTT,B083QFCTTT.jpg,18,visual_group_19
B08KCVRL2V,B08KCVRL2V.jpg,18,visual_group_19
B09V1254RZ,B09V1254RZ.jpg,18,visual_group_19
B0B4DKQSDV,B0B4DKQSDV.jpg,18,visual_group_19
B0BTV6X42F,B0BTV6X42F.jpg,18,visual_group_19
B0BWYLWWC1,B0BWYLWWC1.jpg,18,visual_group_19
B0BXX1TJC8,B0BXX1TJC8.jpg,18,visual_group_19
B0C1Z48WKW,B0C1Z48WKW.jpg,18,visual_group_19
B0C23S36QF,B0C23S36QF.jpg,18,visual_group_19
B0CLVBLNQC,B0CLVBLNQC.jpg,18,visual_group_19
B0CLVDTRQQ,B0CLVDTRQQ.jpg,18,visual_group_19
B0CN3SKN8M,B0CN3SKN8M.jpg,18,visual_group_19
B0CWS28VK1,B0CWS28VK1.jpg,18,visual_group_19
B0D59QPZXB,B0D59QPZXB.jpg,18,visual_group_19
B0DCKP1VJF,B0DCKP1VJF.jpg,18,visual_group_19
B0DHRYBNDG,B0DHRYBNDG.jpg,18,visual_group_19
B0DXKFSLJP,B0DXKFSLJP.jpg,18,visual_group_19
B0DYMVBK1D,B0DYMVBK1D.jpg,18,visual_group_19
B0F2FJFF5C,B0F2FJFF5C.jpg,18,visual_group_19
B0F38F2GF7,B0F38F2GF7.jpg,18,visual_group_19
B0F44147Z9,B0F44147Z9.jpg,18,visual_group_19
B0F442Q49M,B0F442Q49M.jpg,18,visual_group_19
B0F9NXFRR6,B0F9NXFRR6.jpg,18,visual_group_19
B0FF57WWP7,B0FF57WWP7.jpg,18,visual_group_19
B0G5PLHR14,B0G5PLHR14.jpg,18,visual_group_19
B0GVMVB1C6,B0GVMVB1C6.jpg,18,visual_group_19
B004VGIGVY,B004VGIGVY.jpg,19,visual_group_20
B00LZSR3KQ,B00LZSR3KQ.jpg,19,visual_group_20
B01K6PAZ1M,B01K6PAZ1M.jpg,19,visual_group_20
B072HPWW1X,B072HPWW1X.jpg,19,visual_group_20
B072MTP9YT,B072MTP9YT.jpg,19,visual_group_20
B07H878J9Z,B07H878J9Z.jpg,19,visual_group_20
B07JYWSZ8R,B07JYWSZ8R.jpg,19,visual_group_20
B07N2F3JXP,B07N2F3JXP.jpg,19,visual_group_20
B07XJLD2BL,B07XJLD2BL.jpg,19,visual_group_20
B07YXM9DJF,B07YXM9DJF.jpg,19,visual_group_20
B082TGNDJR,B082TGNDJR.jpg,19,visual_group_20
B0842RYHVB,B0842RYHVB.jpg,19,visual_group_20
B085DTZQNZ,B085DTZQNZ.jpg,19,visual_group_20
B085DVHQ57,B085DVHQ57.jpg,19,visual_group_20
B085DVNHHK,B085DVNHHK.jpg,19,visual_group_20
B0868HY623,B0868HY623.jpg,19,visual_group_20
B086PJKVVT,B086PJKVVT.jpg,19,visual_group_20
B088H1YDS1,B088H1YDS1.jpg,19,visual_group_20
B08LMPCX3D,B08LMPCX3D.jpg,19,visual_group_20
B08LMTQ7ZF,B08LMTQ7ZF.jpg,19,visual_group_20
B0991MYYH3,B0991MYYH3.jpg,19,visual_group_20
B09QPLZ6HS,B09QPLZ6HS.jpg,19,visual_group_20
B09TQY66NH,B09TQY66NH.jpg,19,visual_group_20
B09XVKZD34,B09XVKZD34.jpg,19,visual_group_20
B09XVLKGFT,B09XVLKGFT.jpg,19,visual_group_20
B0BBS8CTH2,B0BBS8CTH2.jpg,19,visual_group_20
B0BHBP1X1B,B0BHBP1X1B.jpg,19,visual_group_20
B0BR3R7GHN,B0BR3R7GHN.jpg,19,visual_group_20
B0BYYHSMHS,B0BYYHSMHS.jpg,19,visual_group_20
B0BZYBP74R,B0BZYBP74R.jpg,19,visual_group_20
B0BZYCJK89,B0BZYCJK89.jpg,19,visual_group_20
B0C277LF46,B0C277LF46.jpg,19,visual_group_20
B0CDL2V8KX,B0CDL2V8KX.jpg,19,visual_group_20
B0CGCMS31N,B0CGCMS31N.jpg,19,visual_group_20
B0CQJYT1YD,B0CQJYT1YD.jpg,19,visual_group_20
B0CR7LYL7W,B0CR7LYL7W.jpg,19,visual_group_20
B0CW25XR5S,B0CW25XR5S.jpg,19,visual_group_20
B0D2W136D1,B0D2W136D1.jpg,19,visual_group_20
B0D5ZSDY91,B0D5ZSDY91.jpg,19,visual_group_20
B0D9R4GYTN,B0D9R4GYTN.jpg,19,visual_group_20
B0DFXWYYLG,B0DFXWYYLG.jpg,19,visual_group_20
B0DG36YPZM,B0DG36YPZM.jpg,19,visual_group_20
B0DGHQWVDQ,B0DGHQWVDQ.jpg,19,visual_group_20
B0DJG1731C,B0DJG1731C.jpg,19,visual_group_20
B0DR9PVSC9,B0DR9PVSC9.jpg,19,visual_group_20
B0DRWLLLM9,B0DRWLLLM9.jpg,19,visual_group_20
B0DSGGRQG3,B0DSGGRQG3.jpg,19,visual_group_20
B0DTP745KH,B0DTP745KH.jpg,19,visual_group_20
B0DXFFY4YV,B0DXFFY4YV.jpg,19,visual_group_20
B0F2WMS7CC,B0F2WMS7CC.jpg,19,visual_group_20
B0F6MXFNPQ,B0F6MXFNPQ.jpg,19,visual_group_20
B0FFTL7QNC,B0FFTL7QNC.jpg,19,visual_group_20
B0FFTMLYT1,B0FFTMLYT1.jpg,19,visual_group_20
B0FJ2XN12K,B0FJ2XN12K.jpg,19,visual_group_20
B0GCJQ4Z51,B0GCJQ4Z51.jpg,19,visual_group_20
B0GGKFM3KK,B0GGKFM3KK.jpg,19,visual_group_20
B0GTYJXMT7,B0GTYJXMT7.jpg,19,visual_group_20
B0H1C2ZFBF,B0H1C2ZFBF.jpg,19,visual_group_20
B0H1YP71W7,B0H1YP71W7.jpg,19,visual_group_20
B0H2YMY3YC,B0H2YMY3YC.jpg,19,visual_group_20
B0H431HLBT,B0H431HLBT.jpg,19,visual_group_20
B0H5YDM8V5,B0H5YDM8V5.jpg,19,visual_group_20
B07ZGDD6B1,B07ZGDD6B1.jpg,20,visual_group_21
B08Z6X4NK3,B08Z6X4NK3.jpg,20,visual_group_21
B09LK1P1RD,B09LK1P1RD.jpg,20,visual_group_21
B09TR4Y91J,B09TR4Y91J.jpg,20,visual_group_21
B0C8QYB8W6,B0C8QYB8W6.jpg,20,visual_group_21
B0CF3VGQFL,B0CF3VGQFL.jpg,20,visual_group_21
B0CLH89X2K,B0CLH89X2K.jpg,20,visual_group_21
B0CLLHSWRL,B0CLLHSWRL.jpg,20,visual_group_21
B0D14N2QZF,B0D14N2QZF.jpg,20,visual_group_21
B0DBZGH5XM,B0DBZGH5XM.jpg,20,visual_group_21
B0DWMX5TXV,B0DWMX5TXV.jpg,20,visual_group_21
B0DZ28ZGYL,B0DZ28ZGYL.jpg,20,visual_group_21
B0FDKPF9QJ,B0FDKPF9QJ.jpg,20,visual_group_21
B0FMD1DGS8,B0FMD1DGS8.jpg,20,visual_group_21
B0G3PTHM36,B0G3PTHM36.jpg,20,visual_group_21
B0GTY7H2S3,B0GTY7H2S3.jpg,20,visual_group_21
B000YBFJQU,B000YBFJQU.jpg,21,visual_group_22
B0016R858U,B0016R858U.jpg,21,visual_group_22
B001DTSDEM,B001DTSDEM.jpg,21,visual_group_22
B003U31MXS,B003U31MXS.jpg,21,visual_group_22
B005O91CUE,B005O91CUE.jpg,21,visual_group_22
B01M7TTA2S,B01M7TTA2S.jpg,21,visual_group_22
B01N0RSC4K,B01N0RSC4K.jpg,21,visual_group_22
B075DVZBGV,B075DVZBGV.jpg,21,visual_group_22
B075DWT9KR,B075DWT9KR.jpg,21,visual_group_22
B07982DFFD,B07982DFFD.jpg,21,visual_group_22
B07GH691SM,B07GH691SM.jpg,21,visual_group_22
B07GH691SQ,B07GH691SQ.jpg,21,visual_group_22
B07RZVN1G6,B07RZVN1G6.jpg,21,visual_group_22
B07V1M376X,B07V1M376X.jpg,21,visual_group_22
B08R5Z9LXX,B08R5Z9LXX.jpg,21,visual_group_22
B08XZ3HWF3,B08XZ3HWF3.jpg,21,visual_group_22
B098F5CC4N,B098F5CC4N.jpg,21,visual_group_22
B099XVDV91,B099XVDV91.jpg,21,visual_group_22
B09D9XLZ3Q,B09D9XLZ3Q.jpg,21,visual_group_22
B0B3SD7MT4,B0B3SD7MT4.jpg,21,visual_group_22
B0BVCXZL45,B0BVCXZL45.jpg,21,visual_group_22
B0CC5Q5QRR,B0CC5Q5QRR.jpg,21,visual_group_22
B0CC98RMFT,B0CC98RMFT.jpg,21,visual_group_22
B0CHYWN5W6,B0CHYWN5W6.jpg,21,visual_group_22
B0CJ2STB79,B0CJ2STB79.jpg,21,visual_group_22
B0CR7L79Q2,B0CR7L79Q2.jpg,21,visual_group_22
B0CTJGJL2T,B0CTJGJL2T.jpg,21,visual_group_22
B0CYJZMSV3,B0CYJZMSV3.jpg,21,visual_group_22
B0D83HBHBM,B0D83HBHBM.jpg,21,visual_group_22
B0D8VP2Y1X,B0D8VP2Y1X.jpg,21,visual_group_22
B0D8VR4BTZ,B0D8VR4BTZ.jpg,21,visual_group_22
B0DP74YCXR,B0DP74YCXR.jpg,21,visual_group_22
B0DSX4KX8D,B0DSX4KX8D.jpg,21,visual_group_22
B0DYMW78WD,B0DYMW78WD.jpg,21,visual_group_22
B0F66HVPDY,B0F66HVPDY.jpg,21,visual_group_22
B0FSRFYC4C,B0FSRFYC4C.jpg,21,visual_group_22
B0GR8NM59C,B0GR8NM59C.jpg,21,visual_group_22
B0GSCMLHK4,B0GSCMLHK4.jpg,21,visual_group_22
B0GTRLDS9Z,B0GTRLDS9Z.jpg,21,visual_group_22
B0GWR4XW6C,B0GWR4XW6C.jpg,21,visual_group_22
B0H13SBHS1,B0H13SBHS1.jpg,21,visual_group_22
B0H7FJH1PK,B0H7FJH1PK.jpg,21,visual_group_22
B0874M3KW4,B0874M3KW4.jpg,22,visual_group_23
B087QZVQJX,B087QZVQJX.jpg,22,visual_group_23
B09T9PXW35,B09T9PXW35.jpg,22,visual_group_23
B0BR3M8XHK,B0BR3M8XHK.jpg,22,visual_group_23
B0BW2TLQ8S,B0BW2TLQ8S.jpg,22,visual_group_23
B0BW91HX7D,B0BW91HX7D.jpg,22,visual_group_23
B0BY27XSJ3,B0BY27XSJ3.jpg,22,visual_group_23
B0CF224WX9,B0CF224WX9.jpg,22,visual_group_23
B0CR6JBJDH,B0CR6JBJDH.jpg,22,visual_group_23
B0CSYYKB97,B0CSYYKB97.jpg,22,visual_group_23
B0D1XLNWP2,B0D1XLNWP2.jpg,22,visual_group_23
B0DFY85DNR,B0DFY85DNR.jpg,22,visual_group_23
B0DKT8BB4M,B0DKT8BB4M.jpg,22,visual_group_23
B0DT43J5KY,B0DT43J5KY.jpg,22,visual_group_23
B0DT6Z3R4F,B0DT6Z3R4F.jpg,22,visual_group_23
B0DXJQT19B,B0DXJQT19B.jpg,22,visual_group_23
B0F5HSNDXF,B0F5HSNDXF.jpg,22,visual_group_23
B0F66PLGWG,B0F66PLGWG.jpg,22,visual_group_23
B0FF9Q8GDX,B0FF9Q8GDX.jpg,22,visual_group_23
B0FF9TXPRB,B0FF9TXPRB.jpg,22,visual_group_23
B0G11F8FHR,B0G11F8FHR.jpg,22,visual_group_23
B0G13RQ2SZ,B0G13RQ2SZ.jpg,22,visual_group_23
B0G48J9RBZ,B0G48J9RBZ.jpg,22,visual_group_23
B0GXZ62GF8,B0GXZ62GF8.jpg,22,visual_group_23
B0H2YM86Z9,B0H2YM86Z9.jpg,22,visual_group_23
B0H3PFD3FN,B0H3PFD3FN.jpg,22,visual_group_23
B0H4GTDSNV,B0H4GTDSNV.jpg,22,visual_group_23
B0H7WK83WT,B0H7WK83WT.jpg,22,visual_group_23
B004FHO5Y6,B004FHO5Y6.jpg,23,visual_group_24
B01LXCDPPK,B01LXCDPPK.jpg,23,visual_group_24
B01N5UOYC4,B01N5UOYC4.jpg,23,visual_group_24
B0744DM3Y3,B0744DM3Y3.jpg,23,visual_group_24
B07BK5P5ST,B07BK5P5ST.jpg,23,visual_group_24
B07F8S18D5,B07F8S18D5.jpg,23,visual_group_24
B07K986YLL,B07K986YLL.jpg,23,visual_group_24
B07Z82895W,B07Z82895W.jpg,23,visual_group_24
B085TFF7M1,B085TFF7M1.jpg,23,visual_group_24
B088TSR6YJ,B088TSR6YJ.jpg,23,visual_group_24
B08B3NHBJ4,B08B3NHBJ4.jpg,23,visual_group_24
B08DKQ3JG1,B08DKQ3JG1.jpg,23,visual_group_24
B08DTZM7LM,B08DTZM7LM.jpg,23,visual_group_24
B08DY8GJN4,B08DY8GJN4.jpg,23,visual_group_24
B099JVC9HL,B099JVC9HL.jpg,23,visual_group_24
B09B7R3SY7,B09B7R3SY7.jpg,23,visual_group_24
B09D51Z5TR,B09D51Z5TR.jpg,23,visual_group_24
B09DVGV7BH,B09DVGV7BH.jpg,23,visual_group_24
B09MCKK9NX,B09MCKK9NX.jpg,23,visual_group_24
B09NBWWP79,B09NBWWP79.jpg,23,visual_group_24
B09XHZ8F7F,B09XHZ8F7F.jpg,23,visual_group_24
B09ZRN1N3Z,B09ZRN1N3Z.jpg,23,visual_group_24
B0BFJ4CRKD,B0BFJ4CRKD.jpg,23,visual_group_24
B0BRN58CXR,B0BRN58CXR.jpg,23,visual_group_24
B0BTYCRJSS,B0BTYCRJSS.jpg,23,visual_group_24
B0BXGCRRLW,B0BXGCRRLW.jpg,23,visual_group_24
B0BXGFFSL1,B0BXGFFSL1.jpg,23,visual_group_24
B0CC1F4V7Q,B0CC1F4V7Q.jpg,23,visual_group_24
B0CC1F5CGH,B0CC1F5CGH.jpg,23,visual_group_24
B0CC1FTGMB,B0CC1FTGMB.jpg,23,visual_group_24
B0CFVDX4HT,B0CFVDX4HT.jpg,23,visual_group_24
B0CJHZ92P6,B0CJHZ92P6.jpg,23,visual_group_24
B0CMM89Y6Z,B0CMM89Y6Z.jpg,23,visual_group_24
B0CQJVSL1Z,B0CQJVSL1Z.jpg,23,visual_group_24
B0CSW947RH,B0CSW947RH.jpg,23,visual_group_24
B0CY2C7H6S,B0CY2C7H6S.jpg,23,visual_group_24
B0D7DKJ75M,B0D7DKJ75M.jpg,23,visual_group_24
B0D9VS4PV7,B0D9VS4PV7.jpg,23,visual_group_24
B0DD41G2NZ,B0DD41G2NZ.jpg,23,visual_group_24
B0DFH8SNK5,B0DFH8SNK5.jpg,23,visual_group_24
B0DH22XH5Y,B0DH22XH5Y.jpg,23,visual_group_24
B0DHZ92Q4D,B0DHZ92Q4D.jpg,23,visual_group_24
B0DP42G526,B0DP42G526.jpg,23,visual_group_24
B0DSPJPRXD,B0DSPJPRXD.jpg,23,visual_group_24
B0DY2SWV16,B0DY2SWV16.jpg,23,visual_group_24
B0F1TNK61D,B0F1TNK61D.jpg,23,visual_group_24
B0FB2SDTB9,B0FB2SDTB9.jpg,23,visual_group_24
B0FB349R8G,B0FB349R8G.jpg,23,visual_group_24
B0FGC514QH,B0FGC514QH.jpg,23,visual_group_24
B0FHGQBQKB,B0FHGQBQKB.jpg,23,visual_group_24
B0FNRXZV67,B0FNRXZV67.jpg,23,visual_group_24
B0FPBZ3BBG,B0FPBZ3BBG.jpg,23,visual_group_24
B0G1PJLWLZ,B0G1PJLWLZ.jpg,23,visual_group_24
B0GFWHXF5R,B0GFWHXF5R.jpg,23,visual_group_24
B0GQYVSTH9,B0GQYVSTH9.jpg,23,visual_group_24
B0H48V9BDW,B0H48V9BDW.jpg,23,visual_group_24
B0H6JKT666,B0H6JKT666.jpg,23,visual_group_24
B0H6PMTQWW,B0H6PMTQWW.jpg,23,visual_group_24
B0H6VZSB53,B0H6VZSB53.jpg,23,visual_group_24
B0H7R1LD7B,B0H7R1LD7B.jpg,23,visual_group_24
B0H8SBVSV9,B0H8SBVSV9.jpg,23,visual_group_24
B0H8Y9LL1G,B0H8Y9LL1G.jpg,23,visual_group_24
B0H9LHWBDK,B0H9LHWBDK.jpg,23,visual_group_24
B0H9LRGB3B,B0H9LRGB3B.jpg,23,visual_group_24
B0HBVXBZPZ,B0HBVXBZPZ.jpg,23,visual_group_24
B0HCNDJ5HL,B0HCNDJ5HL.jpg,23,visual_group_24
B0HCNYJM8Z,B0HCNYJM8Z.jpg,23,visual_group_24
B003O2RXUQ,B003O2RXUQ.jpg,24,visual_group_25
B004K6LHF2,B004K6LHF2.jpg,24,visual_group_25
B07DPLQMF9,B07DPLQMF9.jpg,24,visual_group_25
B07L4GSGWD,B07L4GSGWD.jpg,24,visual_group_25
B07L4JCG7T,B07L4JCG7T.jpg,24,visual_group_25
B07ZN5PKP7,B07ZN5PKP7.jpg,24,visual_group_25
B08FC2VFLF,B08FC2VFLF.jpg,24,visual_group_25
B0967ZVMPK,B0967ZVMPK.jpg,24,visual_group_25
B09F5XQDYJ,B09F5XQDYJ.jpg,24,visual_group_25
B09W3Q33WN,B09W3Q33WN.jpg,24,visual_group_25
B0B28NNN7L,B0B28NNN7L.jpg,24,visual_group_25
B0BVG2WPX6,B0BVG2WPX6.jpg,24,visual_group_25
B0BZ3F5DCM,B0BZ3F5DCM.jpg,24,visual_group_25
B0C8JZ57R1,B0C8JZ57R1.jpg,24,visual_group_25
B0CG28KM9Y,B0CG28KM9Y.jpg,24,visual_group_25
B0CT4HX4T9,B0CT4HX4T9.jpg,24,visual_group_25
B0CX1RDX77,B0CX1RDX77.jpg,24,visual_group_25
B0D1KDFG6J,B0D1KDFG6J.jpg,24,visual_group_25
B0D6W9DDWW,B0D6W9DDWW.jpg,24,visual_group_25
B0D842FXFX,B0D842FXFX.jpg,24,visual_group_25
B0F9WDY38C,B0F9WDY38C.jpg,24,visual_group_25
B0F9YKXCN8,B0F9YKXCN8.jpg,24,visual_group_25
B0GPFKDGK8,B0GPFKDGK8.jpg,24,visual_group_25
B0GTDBXDZT,B0GTDBXDZT.jpg,24,visual_group_25
